<?xml version="1.0" encoding="UTF-8"?>
<objects serializationModel="Studio.02.02.00">
	<object class="EffectPreset" id="{1713439e-02b0-4c78-a0c3-39a80721d7a3}">
		<property name="name">
			<value>Effect Chain</value>
		</property>
		<relationship name="folder">
			<destination>{762f29e5-7253-47cd-8c79-7a66567400dd}</destination>
		</relationship>
		<relationship name="effect">
			<destination>{0a69a032-4e8a-4615-9aab-810f27e80ba0}</destination>
		</relationship>
	</object>
	<object class="EffectChain" id="{0a69a032-4e8a-4615-9aab-810f27e80ba0}" />
</objects>
