<?xml version="1.0" encoding="UTF-8"?>
<objects serializationModel="Studio.02.02.00">
	<object class="MixerMaster" id="{4b06b689-81fb-4ac8-88be-62c9996a9a9c}">
		<property name="volume">
			<value>-1.20000005</value>
		</property>
		<relationship name="effectChain">
			<destination>{c418123d-ad54-4059-8621-c4ec701bfc8e}</destination>
		</relationship>
		<relationship name="panner">
			<destination>{5188dce2-f9d3-418e-9553-46264bd04eb5}</destination>
		</relationship>
		<relationship name="mixer">
			<destination>{cd6eb746-7e41-438e-8327-4dc338edeb6e}</destination>
		</relationship>
	</object>
	<object class="MixerBusEffectChain" id="{c418123d-ad54-4059-8621-c4ec701bfc8e}">
		<relationship name="effects">
			<destination>{13325e6c-7175-4c1b-97ef-c10973ceab3d}</destination>
			<destination>{86ff3930-6178-44e4-952e-bb2ec8ff6bfe}</destination>
			<destination>{20405e9c-7ee0-4db7-81df-f4dc1699e19e}</destination>
			<destination>{bff9550a-ed57-421b-8f7d-d508a502b4e3}</destination>
		</relationship>
	</object>
	<object class="MixerBusPanner" id="{5188dce2-f9d3-418e-9553-46264bd04eb5}" />
	<object class="MixerBusFader" id="{13325e6c-7175-4c1b-97ef-c10973ceab3d}" />
	<object class="MultibandEqEffect" id="{86ff3930-6178-44e4-952e-bb2ec8ff6bfe}">
		<property name="filterTypeA">
			<value>6</value>
		</property>
		<property name="filterTypeB">
			<value>9</value>
		</property>
		<property name="filterTypeC">
			<value>8</value>
		</property>
		<property name="frequencyA">
			<value>52.9597054</value>
		</property>
		<property name="frequencyB">
			<value>321.210083</value>
		</property>
		<property name="frequencyC">
			<value>4370.81787</value>
		</property>
		<property name="qualityA">
			<value>0.549824476</value>
		</property>
		<property name="qualityB">
			<value>5.5999999</value>
		</property>
		<property name="gainA">
			<value>-8</value>
		</property>
		<property name="gainB">
			<value>-9.52329445</value>
		</property>
		<property name="gainC">
			<value>5.55796242</value>
		</property>
	</object>
	<object class="CompressorEffect" id="{20405e9c-7ee0-4db7-81df-f4dc1699e19e}">
		<property name="threshold">
			<value>-10</value>
		</property>
		<property name="attackTime">
			<value>38</value>
		</property>
		<property name="releaseTime">
			<value>36</value>
		</property>
	</object>
	<object class="LimiterEffect" id="{bff9550a-ed57-421b-8f7d-d508a502b4e3}">
		<property name="release">
			<value>8.19999981</value>
		</property>
	</object>
</objects>
