<?xml version="1.0" encoding="UTF-8"?>
<objects serializationModel="Studio.02.02.00">
	<object class="Event" id="{dc608337-cbc2-4a5d-88ae-c105e8059fa9}">
		<property name="name">
			<value>Sword Swing</value>
		</property>
		<property name="outputFormat">
			<value>0</value>
		</property>
		<relationship name="folder">
			<destination>{3ce83ae1-0cca-4223-ace6-117e03b82421}</destination>
		</relationship>
		<relationship name="mixer">
			<destination>{3ed97bf9-fbe5-42f5-88a8-30ae6367c3a6}</destination>
		</relationship>
		<relationship name="masterTrack">
			<destination>{81a8a3a4-0830-4ab2-bb88-c246cc5405b6}</destination>
		</relationship>
		<relationship name="mixerInput">
			<destination>{b04c11a8-c840-4502-a427-b3659898f911}</destination>
		</relationship>
		<relationship name="automatableProperties">
			<destination>{c1157f26-724a-42f5-9d86-098661be1b7c}</destination>
		</relationship>
		<relationship name="markerTracks">
			<destination>{b5b7e8d6-f73d-4f25-b6ef-9d6c85af5014}</destination>
		</relationship>
		<relationship name="groupTracks">
			<destination>{8b72a567-5173-442a-b776-c77d1fd9479a}</destination>
		</relationship>
		<relationship name="timeline">
			<destination>{3aab9df1-bf10-4bbc-ac8e-fcd8c5e5ea82}</destination>
		</relationship>
		<relationship name="parameters">
			<destination>{1ea5bcfc-a69e-4110-830b-20dcced82da7}</destination>
		</relationship>
	</object>
	<object class="EventMixer" id="{3ed97bf9-fbe5-42f5-88a8-30ae6367c3a6}">
		<relationship name="masterBus">
			<destination>{247f2fab-9492-4b38-ac90-cda74d4dd152}</destination>
		</relationship>
	</object>
	<object class="MasterTrack" id="{81a8a3a4-0830-4ab2-bb88-c246cc5405b6}">
		<relationship name="modules">
			<destination>{fbe948cb-86b0-47ba-b9a4-8f37ae6d7ee9}</destination>
		</relationship>
		<relationship name="mixerGroup">
			<destination>{247f2fab-9492-4b38-ac90-cda74d4dd152}</destination>
		</relationship>
	</object>
	<object class="MixerInput" id="{b04c11a8-c840-4502-a427-b3659898f911}">
		<relationship name="effectChain">
			<destination>{d853bd3d-6866-4d0f-ad02-dc3b259bdc1d}</destination>
		</relationship>
		<relationship name="panner">
			<destination>{50c934a2-6d89-49cb-9625-1dfaaed58a3c}</destination>
		</relationship>
		<relationship name="output">
			<destination>{4b06b689-81fb-4ac8-88be-62c9996a9a9c}</destination>
		</relationship>
	</object>
	<object class="EventAutomatableProperties" id="{c1157f26-724a-42f5-9d86-098661be1b7c}" />
	<object class="MarkerTrack" id="{b5b7e8d6-f73d-4f25-b6ef-9d6c85af5014}" />
	<object class="GroupTrack" id="{8b72a567-5173-442a-b776-c77d1fd9479a}">
		<relationship name="mixerGroup">
			<destination>{c0101a9d-a46c-4fb2-8f31-3a67b8ef674b}</destination>
		</relationship>
	</object>
	<object class="Timeline" id="{3aab9df1-bf10-4bbc-ac8e-fcd8c5e5ea82}">
		<property name="isProxyEnabled">
			<value>false</value>
		</property>
	</object>
	<object class="ActionSheet" id="{1ea5bcfc-a69e-4110-830b-20dcced82da7}">
		<relationship name="modules">
			<destination>{fbe948cb-86b0-47ba-b9a4-8f37ae6d7ee9}</destination>
		</relationship>
	</object>
	<object class="EventMixerMaster" id="{247f2fab-9492-4b38-ac90-cda74d4dd152}">
		<relationship name="effectChain">
			<destination>{8c035d84-495f-4f5b-8253-010f8d43780e}</destination>
		</relationship>
		<relationship name="panner">
			<destination>{3301cd4f-7a6c-450a-8593-a2e75a822675}</destination>
		</relationship>
		<relationship name="mixer">
			<destination>{3ed97bf9-fbe5-42f5-88a8-30ae6367c3a6}</destination>
		</relationship>
	</object>
	<object class="MultiSound" id="{fbe948cb-86b0-47ba-b9a4-8f37ae6d7ee9}" />
	<object class="MixerBusEffectChain" id="{d853bd3d-6866-4d0f-ad02-dc3b259bdc1d}">
		<relationship name="effects">
			<destination>{a7d168b0-0e67-4029-80d1-d07cee0b0200}</destination>
		</relationship>
	</object>
	<object class="MixerBusPanner" id="{50c934a2-6d89-49cb-9625-1dfaaed58a3c}" />
	<object class="EventMixerGroup" id="{c0101a9d-a46c-4fb2-8f31-3a67b8ef674b}">
		<property name="name">
			<value>Audio 1</value>
		</property>
		<relationship name="effectChain">
			<destination>{157ed818-6e55-4d7c-b7b8-95ee703c2704}</destination>
		</relationship>
		<relationship name="panner">
			<destination>{6cb7d23a-bbaa-4f08-bfc7-b0344341c894}</destination>
		</relationship>
		<relationship name="output">
			<destination>{247f2fab-9492-4b38-ac90-cda74d4dd152}</destination>
		</relationship>
	</object>
	<object class="MixerBusEffectChain" id="{8c035d84-495f-4f5b-8253-010f8d43780e}">
		<relationship name="effects">
			<destination>{742bc175-2ab1-49cf-97c4-2879f0e810c7}</destination>
		</relationship>
	</object>
	<object class="MixerBusPanner" id="{3301cd4f-7a6c-450a-8593-a2e75a822675}" />
	<object class="MixerBusFader" id="{a7d168b0-0e67-4029-80d1-d07cee0b0200}" />
	<object class="MixerBusEffectChain" id="{157ed818-6e55-4d7c-b7b8-95ee703c2704}">
		<relationship name="effects">
			<destination>{cc9b0765-ef01-43f4-98c3-700d231b67dd}</destination>
		</relationship>
	</object>
	<object class="MixerBusPanner" id="{6cb7d23a-bbaa-4f08-bfc7-b0344341c894}" />
	<object class="MixerBusFader" id="{742bc175-2ab1-49cf-97c4-2879f0e810c7}" />
	<object class="MixerBusFader" id="{cc9b0765-ef01-43f4-98c3-700d231b67dd}" />
</objects>
