<?xml version="1.0" encoding="UTF-8"?>
<objects serializationModel="Studio.02.02.00">
	<object class="MixerGroup" id="{40c66c3c-665f-4a44-aca6-ee8ccb5702f3}">
		<property name="name">
			<value>SFX</value>
		</property>
		<relationship name="masters">
			<destination>{6f771cff-9430-4ada-893d-309437a08c1d}</destination>
		</relationship>
		<relationship name="effectChain">
			<destination>{7891e3fa-19fb-420a-8644-e2e6cf7cff15}</destination>
		</relationship>
		<relationship name="panner">
			<destination>{1e01b9f6-c027-4065-a7c6-2c6ddacf528b}</destination>
		</relationship>
		<relationship name="output">
			<destination>{4b06b689-81fb-4ac8-88be-62c9996a9a9c}</destination>
		</relationship>
	</object>
	<object class="MixerBusEffectChain" id="{7891e3fa-19fb-420a-8644-e2e6cf7cff15}">
		<relationship name="effects">
			<destination>{39eb13f5-90e9-4714-8ef2-079eef6dc4d9}</destination>
			<destination>{32356400-1485-48fe-b3c0-891029c6d80d}</destination>
			<destination>{cca0752c-e693-4ef5-b5ee-5dc3f03ae804}</destination>
			<destination>{da6897da-7298-48a5-b63b-4ca0d01538a1}</destination>
		</relationship>
	</object>
	<object class="MixerBusPanner" id="{1e01b9f6-c027-4065-a7c6-2c6ddacf528b}" />
	<object class="MixerBusFader" id="{39eb13f5-90e9-4714-8ef2-079eef6dc4d9}" />
	<object class="Sidechain" id="{32356400-1485-48fe-b3c0-891029c6d80d}" />
	<object class="MixerSend" id="{cca0752c-e693-4ef5-b5ee-5dc3f03ae804}">
		<property name="level">
			<value>-18.5</value>
		</property>
		<property name="inputFormat">
			<value>1</value>
		</property>
		<relationship name="mixerReturn">
			<destination>{1385ca40-08b7-4ad5-9a6a-207d27aacfba}</destination>
		</relationship>
	</object>
	<object class="MixerSend" id="{da6897da-7298-48a5-b63b-4ca0d01538a1}">
		<property name="level">
			<value>-18.5</value>
		</property>
		<property name="inputFormat">
			<value>1</value>
		</property>
		<relationship name="mixerReturn">
			<destination>{849bb5aa-c37b-4561-912e-4a280ac2ebbc}</destination>
		</relationship>
	</object>
</objects>
