<?xml version="1.0" encoding="UTF-8"?>
<objects serializationModel="Studio.02.02.00">
	<object class="MixerGroup" id="{3be8f10f-12f8-43d4-b67b-cb9ee8d28f95}">
		<property name="volume">
			<value>-5</value>
		</property>
		<property name="name">
			<value>Music</value>
		</property>
		<relationship name="masters">
			<destination>{b0b2ba29-33f3-444a-8d33-f41af68150ff}</destination>
		</relationship>
		<relationship name="effectChain">
			<destination>{703a78d5-6c14-470b-92a7-92d414cd567e}</destination>
		</relationship>
		<relationship name="panner">
			<destination>{572babb5-7a37-45a0-9423-f68710179570}</destination>
		</relationship>
		<relationship name="output">
			<destination>{4b06b689-81fb-4ac8-88be-62c9996a9a9c}</destination>
		</relationship>
	</object>
	<object class="MixerBusEffectChain" id="{703a78d5-6c14-470b-92a7-92d414cd567e}">
		<relationship name="effects">
			<destination>{6032669a-fefd-4f1f-99e0-d65a10552f58}</destination>
			<destination>{93373e47-7bb6-4ec5-b63c-6113d51c28fa}</destination>
		</relationship>
	</object>
	<object class="MixerBusPanner" id="{572babb5-7a37-45a0-9423-f68710179570}" />
	<object class="MixerBusFader" id="{6032669a-fefd-4f1f-99e0-d65a10552f58}" />
	<object class="CompressorEffect" id="{93373e47-7bb6-4ec5-b63c-6113d51c28fa}">
		<property name="threshold">
			<value>-6.5</value>
		</property>
		<property name="attackTime">
			<value>0.75</value>
		</property>
		<property name="releaseTime">
			<value>48</value>
		</property>
		<relationship name="sidechains">
			<destination>{32356400-1485-48fe-b3c0-891029c6d80d}</destination>
		</relationship>
	</object>
</objects>
