<?xml version="1.0" encoding="UTF-8"?>
<objects serializationModel="Studio.02.02.00">
	<object class="ParameterPreset" id="{e814ba6e-ea5b-4cde-b38c-4afe2c8f6cb8}">
		<property name="name">
			<value>Dialogue Box</value>
		</property>
		<relationship name="folder">
			<destination>{b434ba44-616d-4479-ac74-3551491801c4}</destination>
		</relationship>
		<relationship name="parameter">
			<destination>{b2dc1419-564b-4613-bae9-9eeaef13bc9b}</destination>
		</relationship>
	</object>
	<object class="GameParameter" id="{b2dc1419-564b-4613-bae9-9eeaef13bc9b}">
		<property name="parameterType">
			<value>1</value>
		</property>
		<property name="maximum">
			<value>2</value>
		</property>
		<property name="initialValue">
			<value>0</value>
		</property>
	</object>
</objects>
