<?xml version="1.0" encoding="UTF-8"?>
<objects serializationModel="Studio.02.02.00">
	<object class="AudioFile" id="{75e4e363-058e-401c-85bd-83e55169c88e}">
		<property name="assetPath">
			<value>UI_Enter-001.ogg</value>
		</property>
		<property name="frequencyInKHz">
			<value>44.0999985</value>
		</property>
		<property name="channelCount">
			<value>2</value>
		</property>
		<property name="length">
			<value>0.8860090702947846</value>
		</property>
		<relationship name="masterAssetFolder">
			<destination>{13e75040-1d17-4fc6-b1d5-d3f66f491818}</destination>
		</relationship>
	</object>
</objects>
