<?xml version="1.0" encoding="UTF-8"?>
<objects serializationModel="Studio.02.02.00">
	<object class="AudioFile" id="{c266bf03-14de-453d-9a8b-1dcaa3fba078}">
		<property name="assetPath">
			<value>brave strike 4.ogg</value>
		</property>
		<property name="frequencyInKHz">
			<value>44.0999985</value>
		</property>
		<property name="channelCount">
			<value>2</value>
		</property>
		<property name="length">
			<value>2.2940136054421769</value>
		</property>
		<relationship name="masterAssetFolder">
			<destination>{13e75040-1d17-4fc6-b1d5-d3f66f491818}</destination>
		</relationship>
	</object>
</objects>
