<?xml version="1.0" encoding="UTF-8"?>
<objects serializationModel="Studio.02.02.00">
	<object class="ParameterPreset" id="{a4e46eb3-e637-40a8-9848-cde964f5ff80}">
		<property name="name">
			<value>Space</value>
		</property>
		<relationship name="folder">
			<destination>{b434ba44-616d-4479-ac74-3551491801c4}</destination>
		</relationship>
		<relationship name="parameter">
			<destination>{c8d0a4c2-7457-4d92-9e3c-cbe44581a2b5}</destination>
		</relationship>
	</object>
	<object class="GameParameter" id="{c8d0a4c2-7457-4d92-9e3c-cbe44581a2b5}">
		<property name="maximum">
			<value>4</value>
		</property>
		<property name="initialValue">
			<value>0</value>
		</property>
	</object>
</objects>
