<?xml version="1.0" encoding="UTF-8"?>
<objects serializationModel="Studio.02.02.00">
	<object class="Event" id="{73e92f02-5291-42dd-a6c0-2b4c1b2eaee3}">
		<property name="name">
			<value>Stage One 2</value>
		</property>
		<property name="outputFormat">
			<value>1</value>
		</property>
		<relationship name="folder">
			<destination>{dc12e656-7c4d-429a-9605-029f415c15a2}</destination>
		</relationship>
		<relationship name="mixer">
			<destination>{effb7514-4199-46cf-9a23-aa93f8f2ef42}</destination>
		</relationship>
		<relationship name="masterTrack">
			<destination>{0728f791-d621-4a71-9604-aadfdea3fffe}</destination>
		</relationship>
		<relationship name="mixerInput">
			<destination>{aaf5375d-961d-4d46-af70-8f47cfb17368}</destination>
		</relationship>
		<relationship name="automatableProperties">
			<destination>{221be9a1-87f9-4823-b090-68e96b9e6565}</destination>
		</relationship>
		<relationship name="markerTracks">
			<destination>{4d844641-f218-4402-b43e-38e77dd7624e}</destination>
		</relationship>
		<relationship name="groupTracks">
			<destination>{547cb556-2f05-4f39-8a6c-8899f8a2b86e}</destination>
		</relationship>
		<relationship name="timeline">
			<destination>{69ba7533-22ab-4f17-b5b8-349629b50150}</destination>
		</relationship>
		<relationship name="banks">
			<destination>{37296c74-ce35-47fd-877f-cf92d6f0598a}</destination>
		</relationship>
	</object>
	<object class="EventMixer" id="{effb7514-4199-46cf-9a23-aa93f8f2ef42}">
		<relationship name="masterBus">
			<destination>{27a98657-ed5b-42bf-a618-b49053daea77}</destination>
		</relationship>
	</object>
	<object class="MasterTrack" id="{0728f791-d621-4a71-9604-aadfdea3fffe}">
		<relationship name="mixerGroup">
			<destination>{27a98657-ed5b-42bf-a618-b49053daea77}</destination>
		</relationship>
	</object>
	<object class="MixerInput" id="{aaf5375d-961d-4d46-af70-8f47cfb17368}">
		<relationship name="effectChain">
			<destination>{97262d3f-5b3f-4a82-b80f-71957f05a4ab}</destination>
		</relationship>
		<relationship name="panner">
			<destination>{7c4b0319-965b-403d-9cb8-a7cfd9cde426}</destination>
		</relationship>
		<relationship name="output">
			<destination>{3be8f10f-12f8-43d4-b67b-cb9ee8d28f95}</destination>
		</relationship>
	</object>
	<object class="EventAutomatableProperties" id="{221be9a1-87f9-4823-b090-68e96b9e6565}" />
	<object class="MarkerTrack" id="{4d844641-f218-4402-b43e-38e77dd7624e}" />
	<object class="GroupTrack" id="{547cb556-2f05-4f39-8a6c-8899f8a2b86e}">
		<relationship name="modules">
			<destination>{1d52ba66-3fb5-4b98-93f7-6a8db49be738}</destination>
		</relationship>
		<relationship name="mixerGroup">
			<destination>{276b031b-bb30-4741-b3df-40320005828c}</destination>
		</relationship>
	</object>
	<object class="Timeline" id="{69ba7533-22ab-4f17-b5b8-349629b50150}">
		<relationship name="modules">
			<destination>{1d52ba66-3fb5-4b98-93f7-6a8db49be738}</destination>
		</relationship>
		<relationship name="markers">
			<destination>{458027b2-9a99-4370-a0f8-e0ae350787fd}</destination>
		</relationship>
	</object>
	<object class="EventMixerMaster" id="{27a98657-ed5b-42bf-a618-b49053daea77}">
		<property name="volume">
			<value>-5.5</value>
		</property>
		<relationship name="effectChain">
			<destination>{397e8e3f-a0a8-479a-b7b7-6e73d25558c0}</destination>
		</relationship>
		<relationship name="panner">
			<destination>{e3eb64b1-3389-4bd9-a5cc-73941deee984}</destination>
		</relationship>
		<relationship name="mixer">
			<destination>{effb7514-4199-46cf-9a23-aa93f8f2ef42}</destination>
		</relationship>
	</object>
	<object class="MixerBusEffectChain" id="{97262d3f-5b3f-4a82-b80f-71957f05a4ab}">
		<relationship name="effects">
			<destination>{50543279-535d-4cd0-bc8b-0a82f0dc8848}</destination>
		</relationship>
	</object>
	<object class="MixerBusPanner" id="{7c4b0319-965b-403d-9cb8-a7cfd9cde426}" />
	<object class="SingleSound" id="{1d52ba66-3fb5-4b98-93f7-6a8db49be738}">
		<property name="length">
			<value>80.842108843537417</value>
		</property>
		<relationship name="audioFile">
			<destination>{2bf45869-afdc-4c99-af5e-81fbc52a8217}</destination>
		</relationship>
	</object>
	<object class="EventMixerGroup" id="{276b031b-bb30-4741-b3df-40320005828c}">
		<property name="name">
			<value>Audio 1</value>
		</property>
		<relationship name="effectChain">
			<destination>{8100b4a6-1b1d-4922-a5fe-4f5553cda402}</destination>
		</relationship>
		<relationship name="panner">
			<destination>{fa4f3ab0-148a-401c-861a-4c8ed2d061fe}</destination>
		</relationship>
		<relationship name="output">
			<destination>{27a98657-ed5b-42bf-a618-b49053daea77}</destination>
		</relationship>
	</object>
	<object class="LoopRegion" id="{458027b2-9a99-4370-a0f8-e0ae350787fd}">
		<property name="position">
			<value>0</value>
		</property>
		<property name="length">
			<value>80.842108843537417</value>
		</property>
		<property name="name">
			<value>0</value>
		</property>
		<relationship name="timeline">
			<destination>{69ba7533-22ab-4f17-b5b8-349629b50150}</destination>
		</relationship>
		<relationship name="markerTrack">
			<destination>{4d844641-f218-4402-b43e-38e77dd7624e}</destination>
		</relationship>
	</object>
	<object class="MixerBusEffectChain" id="{397e8e3f-a0a8-479a-b7b7-6e73d25558c0}">
		<relationship name="effects">
			<destination>{8b9ce591-498f-4e92-af22-3e242130e3d4}</destination>
		</relationship>
	</object>
	<object class="MixerBusPanner" id="{e3eb64b1-3389-4bd9-a5cc-73941deee984}" />
	<object class="MixerBusFader" id="{50543279-535d-4cd0-bc8b-0a82f0dc8848}" />
	<object class="MixerBusEffectChain" id="{8100b4a6-1b1d-4922-a5fe-4f5553cda402}">
		<relationship name="effects">
			<destination>{ba7b824c-98ba-49f4-b155-01baa4468885}</destination>
			<destination>{c49e6434-596b-49c2-99e8-62f7e5aadabc}</destination>
		</relationship>
	</object>
	<object class="MixerBusPanner" id="{fa4f3ab0-148a-401c-861a-4c8ed2d061fe}" />
	<object class="MixerBusFader" id="{8b9ce591-498f-4e92-af22-3e242130e3d4}" />
	<object class="MixerBusFader" id="{ba7b824c-98ba-49f4-b155-01baa4468885}" />
	<object class="ThreeEQEffect" id="{c49e6434-596b-49c2-99e8-62f7e5aadabc}">
		<property name="highGain">
			<value>-3.5</value>
		</property>
	</object>
</objects>
