<?xml version="1.0" encoding="UTF-8"?>
<objects serializationModel="Studio.02.02.00">
	<object class="AudioFile" id="{275db9dd-4e41-4f02-a03e-25cdd31f0631}">
		<property name="assetPath">
			<value>Kinzecter.ogg</value>
		</property>
		<property name="frequencyInKHz">
			<value>44.0999985</value>
		</property>
		<property name="channelCount">
			<value>2</value>
		</property>
		<property name="length">
			<value>1.7026757369614511</value>
		</property>
		<relationship name="masterAssetFolder">
			<destination>{13e75040-1d17-4fc6-b1d5-d3f66f491818}</destination>
		</relationship>
	</object>
</objects>
