<?xml version="1.0" encoding="UTF-8"?>
<objects serializationModel="Studio.02.02.00">
	<object class="AudioFile" id="{4eb67c35-6c85-4f73-9ef0-4f13c5a37201}">
		<property name="assetPath">
			<value>HighSchooler Drill-002.ogg</value>
		</property>
		<property name="frequencyInKHz">
			<value>44.0999985</value>
		</property>
		<property name="channelCount">
			<value>2</value>
		</property>
		<property name="length">
			<value>1.9333786848072563</value>
		</property>
		<relationship name="masterAssetFolder">
			<destination>{13e75040-1d17-4fc6-b1d5-d3f66f491818}</destination>
		</relationship>
	</object>
</objects>
