<?xml version="1.0" encoding="UTF-8"?>
<objects serializationModel="Studio.02.02.00">
	<object class="AudioFile" id="{e28e26c7-340b-47ab-bbb9-08fc11b66c14}">
		<property name="assetPath">
			<value>Saber Connect-001.wav</value>
		</property>
		<property name="frequencyInKHz">
			<value>44.0999985</value>
		</property>
		<property name="channelCount">
			<value>2</value>
		</property>
		<property name="length">
			<value>0.65535147392290249</value>
		</property>
		<relationship name="masterAssetFolder">
			<destination>{13e75040-1d17-4fc6-b1d5-d3f66f491818}</destination>
		</relationship>
	</object>
</objects>
