<?xml version="1.0" encoding="UTF-8"?>
<objects serializationModel="Studio.02.02.00">
	<object class="MixerMaster" id="{4b06b689-81fb-4ac8-88be-62c9996a9a9c}">
		<property name="volume">
			<value>-1.20000005</value>
		</property>
		<relationship name="effectChain">
			<destination>{c418123d-ad54-4059-8621-c4ec701bfc8e}</destination>
		</relationship>
		<relationship name="panner">
			<destination>{5188dce2-f9d3-418e-9553-46264bd04eb5}</destination>
		</relationship>
		<relationship name="mixer">
			<destination>{cd6eb746-7e41-438e-8327-4dc338edeb6e}</destination>
		</relationship>
	</object>
	<object class="MixerBusEffectChain" id="{c418123d-ad54-4059-8621-c4ec701bfc8e}">
		<relationship name="effects">
			<destination>{13325e6c-7175-4c1b-97ef-c10973ceab3d}</destination>
			<destination>{86ff3930-6178-44e4-952e-bb2ec8ff6bfe}</destination>
			<destination>{bff9550a-ed57-421b-8f7d-d508a502b4e3}</destination>
		</relationship>
	</object>
	<object class="MixerBusPanner" id="{5188dce2-f9d3-418e-9553-46264bd04eb5}" />
	<object class="MixerBusFader" id="{13325e6c-7175-4c1b-97ef-c10973ceab3d}" />
	<object class="MultibandEqEffect" id="{86ff3930-6178-44e4-952e-bb2ec8ff6bfe}">
		<property name="filterTypeA">
			<value>9</value>
		</property>
		<property name="filterTypeB">
			<value>5</value>
		</property>
		<property name="filterTypeC">
			<value>8</value>
		</property>
		<property name="frequencyA">
			<value>240.333511</value>
		</property>
		<property name="frequencyB">
			<value>46.7688141</value>
		</property>
		<property name="frequencyC">
			<value>1046.37341</value>
		</property>
		<property name="qualityA">
			<value>4.80000019</value>
		</property>
		<property name="qualityB">
			<value>0.697135448</value>
		</property>
		<property name="gainA">
			<value>-8</value>
		</property>
		<property name="gainB">
			<value>9.19826698</value>
		</property>
		<property name="gainC">
			<value>2.5</value>
		</property>
	</object>
	<object class="LimiterEffect" id="{bff9550a-ed57-421b-8f7d-d508a502b4e3}">
		<property name="ceiling">
			<value>-0.699999988</value>
		</property>
	</object>
</objects>
