<?xml version="1.0" encoding="UTF-8"?>
<objects serializationModel="Studio.02.02.00">
	<object class="Workspace" id="{8ccd048f-9306-4ebb-b388-4d725410a87d}">
		<property name="builtBanksOutputDirectory" />
		<relationship name="masterEventFolder">
			<destination>{0e98b709-98fe-4199-9de0-4c4fe2f4b5c9}</destination>
		</relationship>
		<relationship name="masterTagFolder">
			<destination>{b758d987-8400-47b3-9e74-ab2467d38bf3}</destination>
		</relationship>
		<relationship name="masterEffectPresetFolder">
			<destination>{762f29e5-7253-47cd-8c79-7a66567400dd}</destination>
		</relationship>
		<relationship name="masterParameterPresetFolder">
			<destination>{b434ba44-616d-4479-ac74-3551491801c4}</destination>
		</relationship>
		<relationship name="masterBankFolder">
			<destination>{b1dcce41-a147-4d79-a89a-90049e172058}</destination>
		</relationship>
		<relationship name="masterSandboxFolder">
			<destination>{3a672b28-6c4d-4298-8e93-f31a47f12730}</destination>
		</relationship>
		<relationship name="masterAssetFolder">
			<destination>{13e75040-1d17-4fc6-b1d5-d3f66f491818}</destination>
		</relationship>
		<relationship name="mixer">
			<destination>{cd6eb746-7e41-438e-8327-4dc338edeb6e}</destination>
		</relationship>
		<relationship name="profilerSessionFolder">
			<destination>{453c99c6-62d2-495b-9d5e-c1d2ac7c6a76}</destination>
		</relationship>
		<relationship name="platforms">
			<destination>{52da9e5c-bca8-425e-adcb-548d6998da5e}</destination>
		</relationship>
	</object>
</objects>
