<?xml version="1.0" encoding="UTF-8"?>
<objects serializationModel="Studio.02.02.00">
	<object class="SandboxScene" id="{9c1c5edc-2942-4183-8455-97d26fdcfa1b}">
		<property name="name">
			<value>New Scene</value>
		</property>
		<relationship name="folder">
			<destination>{3a672b28-6c4d-4298-8e93-f31a47f12730}</destination>
		</relationship>
		<relationship name="markerTracks">
			<destination>{312aa24c-eead-44a0-8fd1-1fc01f893895}</destination>
		</relationship>
		<relationship name="timeline">
			<destination>{28b70dec-cf2e-417a-a669-e92644fccb3b}</destination>
		</relationship>
		<relationship name="emitters">
			<destination>{912d6b61-88c3-432c-a80e-2de9d894ded4}</destination>
			<destination>{cc9fa8f1-c104-49da-8188-c00bc20b38ab}</destination>
			<destination>{4c3b6084-e1cc-4165-9811-3485fead85ce}</destination>
			<destination>{a6ee534b-8495-4baf-a92f-4e0ea28844c6}</destination>
			<destination>{0728e248-ae16-4ed4-9d86-743e8e59fb28}</destination>
			<destination>{10309b42-adfe-4c22-85bb-4a8db1714c90}</destination>
		</relationship>
	</object>
	<object class="MarkerTrack" id="{312aa24c-eead-44a0-8fd1-1fc01f893895}" />
	<object class="Timeline" id="{28b70dec-cf2e-417a-a669-e92644fccb3b}" />
	<object class="SandboxEmitter" id="{912d6b61-88c3-432c-a80e-2de9d894ded4}">
		<property name="positionX">
			<value>-14.2073603</value>
		</property>
		<property name="positionZ">
			<value>10.3085785</value>
		</property>
		<property name="rotationY">
			<value>64.0313492</value>
		</property>
		<relationship name="event">
			<destination>{da0cd98e-44cf-4b36-b520-ca447782e9db}</destination>
		</relationship>
	</object>
	<object class="SandboxEmitter" id="{cc9fa8f1-c104-49da-8188-c00bc20b38ab}">
		<property name="positionX">
			<value>-16.3816261</value>
		</property>
		<property name="positionZ">
			<value>7.3106823</value>
		</property>
		<property name="rotationY">
			<value>126.943413</value>
		</property>
		<relationship name="event">
			<destination>{325784a0-cb02-4832-9bbf-1d9597e41347}</destination>
		</relationship>
	</object>
	<object class="SandboxEmitter" id="{4c3b6084-e1cc-4165-9811-3485fead85ce}">
		<property name="positionX">
			<value>-15.5308828</value>
		</property>
		<property name="positionZ">
			<value>10.0858889</value>
		</property>
		<property name="rotationY">
			<value>29.1004467</value>
		</property>
		<relationship name="event">
			<destination>{89752c65-138b-4b82-aeb4-f7fbb5332537}</destination>
		</relationship>
	</object>
	<object class="SandboxEmitter" id="{a6ee534b-8495-4baf-a92f-4e0ea28844c6}">
		<property name="positionX">
			<value>-14.2969847</value>
		</property>
		<property name="positionZ">
			<value>7.91658258</value>
		</property>
		<property name="rotationY">
			<value>43.0917549</value>
		</property>
		<relationship name="event">
			<destination>{764a8b61-78df-4e37-b375-abc44529069d}</destination>
		</relationship>
	</object>
	<object class="SandboxEmitter" id="{0728e248-ae16-4ed4-9d86-743e8e59fb28}">
		<property name="positionX">
			<value>-20.4353867</value>
		</property>
		<property name="positionZ">
			<value>10.3237591</value>
		</property>
		<relationship name="event">
			<destination>{4460e778-948a-4377-aa8b-95cec9997607}</destination>
		</relationship>
	</object>
	<object class="SandboxEmitter" id="{10309b42-adfe-4c22-85bb-4a8db1714c90}">
		<property name="positionX">
			<value>-16.4986916</value>
		</property>
		<property name="positionZ">
			<value>10.9946709</value>
		</property>
		<property name="rotationY">
			<value>14.4837513</value>
		</property>
		<relationship name="event">
			<destination>{dc608337-cbc2-4a5d-88ae-c105e8059fa9}</destination>
		</relationship>
	</object>
</objects>
