<?xml version="1.0" encoding="UTF-8"?>
<objects serializationModel="Studio.02.02.00">
	<object class="MixerReturn" id="{1385ca40-08b7-4ad5-9a6a-207d27aacfba}">
		<property name="name">
			<value>City</value>
		</property>
		<relationship name="effectChain">
			<destination>{312e1420-2335-4a42-bc6d-9a6fa6148580}</destination>
		</relationship>
		<relationship name="panner">
			<destination>{d18a97e4-3968-4020-8167-eb2dd5907b89}</destination>
		</relationship>
		<relationship name="output">
			<destination>{4b06b689-81fb-4ac8-88be-62c9996a9a9c}</destination>
		</relationship>
	</object>
	<object class="MixerBusEffectChain" id="{312e1420-2335-4a42-bc6d-9a6fa6148580}">
		<relationship name="effects">
			<destination>{220dca0b-0857-4ea2-8522-8b239a5b7bcd}</destination>
			<destination>{51dfd4df-1a9b-4a88-98bb-2a5437530aaa}</destination>
		</relationship>
	</object>
	<object class="MixerBusPanner" id="{d18a97e4-3968-4020-8167-eb2dd5907b89}" />
	<object class="MixerBusFader" id="{220dca0b-0857-4ea2-8522-8b239a5b7bcd}" />
	<object class="DelayEffect" id="{51dfd4df-1a9b-4a88-98bb-2a5437530aaa}">
		<property name="delay">
			<value>86</value>
		</property>
		<property name="feedback">
			<value>26</value>
		</property>
		<property name="dryLevel">
			<value>-80</value>
		</property>
	</object>
</objects>
