<?xml version="1.0" encoding="UTF-8"?>
<objects serializationModel="Studio.02.02.00">
	<object class="MixerReturn" id="{849bb5aa-c37b-4561-912e-4a280ac2ebbc}">
		<property name="volume">
			<value>-80</value>
		</property>
		<property name="name">
			<value>Sewer</value>
		</property>
		<relationship name="effectChain">
			<destination>{a665a78d-bff4-411d-bd63-ce32acb47857}</destination>
		</relationship>
		<relationship name="panner">
			<destination>{43d989db-7786-4e01-be89-e0fea9c258a3}</destination>
		</relationship>
		<relationship name="output">
			<destination>{4b06b689-81fb-4ac8-88be-62c9996a9a9c}</destination>
		</relationship>
	</object>
	<object class="MixerBusEffectChain" id="{a665a78d-bff4-411d-bd63-ce32acb47857}">
		<relationship name="effects">
			<destination>{139169c3-6dce-4fd0-81de-6ace03e37f1a}</destination>
			<destination>{8479cc18-e4f0-4687-90c3-598dc433f9bf}</destination>
		</relationship>
	</object>
	<object class="MixerBusPanner" id="{43d989db-7786-4e01-be89-e0fea9c258a3}" />
	<object class="MixerBusFader" id="{139169c3-6dce-4fd0-81de-6ace03e37f1a}" />
	<object class="SFXReverbEffect" id="{8479cc18-e4f0-4687-90c3-598dc433f9bf}">
		<property name="decayTime">
			<value>2200</value>
		</property>
		<property name="highCut">
			<value>2800</value>
		</property>
		<property name="wetLevel">
			<value>0</value>
		</property>
		<property name="dryLevel">
			<value>-80</value>
		</property>
		<relationship name="modulators">
			<destination>{de61a19e-b19e-4166-af9f-79c6e95c0851}</destination>
		</relationship>
	</object>
	<object class="RandomizerModulator" id="{de61a19e-b19e-4166-af9f-79c6e95c0851}">
		<property name="nameOfPropertyBeingModulated">
			<value>wetLevel</value>
		</property>
		<property name="amount">
			<value>0.399999976</value>
		</property>
	</object>
</objects>
