<?xml version="1.0" encoding="UTF-8"?>
<objects serializationModel="Studio.02.02.00">
	<object class="EncodingSetting" id="{a09f52eb-00a1-4418-a28c-a7ccd68c5d92}">
		<property name="encodingFormat">
			<value>3</value>
		</property>
		<property name="quality">
			<value>37</value>
		</property>
		<relationship name="platform">
			<destination>{52da9e5c-bca8-425e-adcb-548d6998da5e}</destination>
		</relationship>
		<relationship name="encodable">
			<destination>{52da9e5c-bca8-425e-adcb-548d6998da5e}</destination>
		</relationship>
	</object>
</objects>
