<?xml version="1.0" encoding="UTF-8"?>
<objects serializationModel="Studio.02.02.00">
	<object class="Event" id="{0e1a7af2-f09c-4cf4-ae7d-efbdf2736367}">
		<property name="name">
			<value>Grenade Land</value>
		</property>
		<property name="outputFormat">
			<value>1</value>
		</property>
		<relationship name="folder">
			<destination>{5028d010-935d-4da9-8794-8ac4784aac87}</destination>
		</relationship>
		<relationship name="mixer">
			<destination>{087e590e-4bad-4e4c-a129-aa2ec9193e1b}</destination>
		</relationship>
		<relationship name="masterTrack">
			<destination>{34a37272-3386-4aa8-b354-6c1dcd34982a}</destination>
		</relationship>
		<relationship name="mixerInput">
			<destination>{87860327-4f21-4564-8747-42c2bb28da41}</destination>
		</relationship>
		<relationship name="automatableProperties">
			<destination>{21148e71-dce4-4372-97a5-9a83d2e3f0ab}</destination>
		</relationship>
		<relationship name="markerTracks">
			<destination>{a6a494df-a8b3-4a1c-8e12-0d92d8f29876}</destination>
		</relationship>
		<relationship name="groupTracks">
			<destination>{13692e6f-0a63-439b-bd81-0939ea70232c}</destination>
		</relationship>
		<relationship name="timeline">
			<destination>{b1a85d6e-441e-4c16-9f05-64c9feafd359}</destination>
		</relationship>
		<relationship name="parameters">
			<destination>{b87ed036-92ba-4776-ad1a-fe1486326e53}</destination>
		</relationship>
		<relationship name="banks">
			<destination>{37296c74-ce35-47fd-877f-cf92d6f0598a}</destination>
		</relationship>
	</object>
	<object class="EventMixer" id="{087e590e-4bad-4e4c-a129-aa2ec9193e1b}">
		<relationship name="masterBus">
			<destination>{119bf9bc-f170-4ec6-bc7d-b0707b2f87f8}</destination>
		</relationship>
	</object>
	<object class="MasterTrack" id="{34a37272-3386-4aa8-b354-6c1dcd34982a}">
		<relationship name="modules">
			<destination>{91ff5245-d61b-49b0-bd2e-2840302834c0}</destination>
		</relationship>
		<relationship name="mixerGroup">
			<destination>{119bf9bc-f170-4ec6-bc7d-b0707b2f87f8}</destination>
		</relationship>
	</object>
	<object class="MixerInput" id="{87860327-4f21-4564-8747-42c2bb28da41}">
		<relationship name="effectChain">
			<destination>{f828860a-99e2-4f9d-a559-bd18ce86c812}</destination>
		</relationship>
		<relationship name="panner">
			<destination>{ec7d55ec-ee96-4abe-8411-a7a263f7f69e}</destination>
		</relationship>
		<relationship name="output">
			<destination>{40c66c3c-665f-4a44-aca6-ee8ccb5702f3}</destination>
		</relationship>
	</object>
	<object class="EventAutomatableProperties" id="{21148e71-dce4-4372-97a5-9a83d2e3f0ab}" />
	<object class="MarkerTrack" id="{a6a494df-a8b3-4a1c-8e12-0d92d8f29876}" />
	<object class="GroupTrack" id="{13692e6f-0a63-439b-bd81-0939ea70232c}">
		<relationship name="modules">
			<destination>{5f56ef1e-0d6f-4105-9455-15b161b19625}</destination>
		</relationship>
		<relationship name="mixerGroup">
			<destination>{d09d901d-74be-45e3-9035-74022e04b0e2}</destination>
		</relationship>
	</object>
	<object class="Timeline" id="{b1a85d6e-441e-4c16-9f05-64c9feafd359}">
		<relationship name="modules">
			<destination>{5f56ef1e-0d6f-4105-9455-15b161b19625}</destination>
		</relationship>
	</object>
	<object class="ActionSheet" id="{b87ed036-92ba-4776-ad1a-fe1486326e53}">
		<relationship name="modules">
			<destination>{91ff5245-d61b-49b0-bd2e-2840302834c0}</destination>
		</relationship>
	</object>
	<object class="EventMixerMaster" id="{119bf9bc-f170-4ec6-bc7d-b0707b2f87f8}">
		<property name="volume">
			<value>-2.5</value>
		</property>
		<relationship name="effectChain">
			<destination>{be60fdcb-2040-4e1a-b6fa-13f201687f87}</destination>
		</relationship>
		<relationship name="panner">
			<destination>{df0fc26b-ccd5-4f81-8d27-ba49af8822f5}</destination>
		</relationship>
		<relationship name="mixer">
			<destination>{087e590e-4bad-4e4c-a129-aa2ec9193e1b}</destination>
		</relationship>
	</object>
	<object class="MultiSound" id="{91ff5245-d61b-49b0-bd2e-2840302834c0}" />
	<object class="MixerBusEffectChain" id="{f828860a-99e2-4f9d-a559-bd18ce86c812}">
		<relationship name="effects">
			<destination>{ac23940b-1791-498a-881a-6ebfd9acb9a9}</destination>
		</relationship>
	</object>
	<object class="MixerBusPanner" id="{ec7d55ec-ee96-4abe-8411-a7a263f7f69e}" />
	<object class="SingleSound" id="{5f56ef1e-0d6f-4105-9455-15b161b19625}">
		<property name="length">
			<value>0.24064960784277822</value>
		</property>
		<property name="timelockedOffset">
			<value>0.01229823796221036</value>
		</property>
		<relationship name="modulators">
			<destination>{8c6a0e21-babb-4cb6-adc6-8bc9e86258f9}</destination>
		</relationship>
		<relationship name="fadeOutCurve">
			<destination>{12e8c192-2ac0-43e4-9988-847c3550920a}</destination>
		</relationship>
		<relationship name="audioFile">
			<destination>{3379f18a-ac84-4974-aeed-3dec95001dde}</destination>
		</relationship>
	</object>
	<object class="EventMixerGroup" id="{d09d901d-74be-45e3-9035-74022e04b0e2}">
		<property name="name">
			<value>Audio 1</value>
		</property>
		<relationship name="effectChain">
			<destination>{d5b8b6c9-7dd1-4058-b87f-067bdbf3eed4}</destination>
		</relationship>
		<relationship name="panner">
			<destination>{cf089c6f-8be4-4823-8867-e2bd8cdea7f4}</destination>
		</relationship>
		<relationship name="output">
			<destination>{119bf9bc-f170-4ec6-bc7d-b0707b2f87f8}</destination>
		</relationship>
	</object>
	<object class="MixerBusEffectChain" id="{be60fdcb-2040-4e1a-b6fa-13f201687f87}">
		<relationship name="effects">
			<destination>{31060d8a-1324-4799-b267-ec77da589de4}</destination>
		</relationship>
	</object>
	<object class="MixerBusPanner" id="{df0fc26b-ccd5-4f81-8d27-ba49af8822f5}" />
	<object class="MixerBusFader" id="{ac23940b-1791-498a-881a-6ebfd9acb9a9}" />
	<object class="RandomizerModulator" id="{8c6a0e21-babb-4cb6-adc6-8bc9e86258f9}">
		<property name="nameOfPropertyBeingModulated">
			<value>pitch</value>
		</property>
		<property name="amount">
			<value>5</value>
		</property>
	</object>
	<object class="FadeCurve" id="{12e8c192-2ac0-43e4-9988-847c3550920a}">
		<relationship name="startPoint">
			<destination>{ce3ec540-afd4-4c99-9e8d-7c1b8370c305}</destination>
		</relationship>
		<relationship name="endPoint">
			<destination>{3de739a8-b647-4522-b0ee-d40b308595e6}</destination>
		</relationship>
	</object>
	<object class="MixerBusEffectChain" id="{d5b8b6c9-7dd1-4058-b87f-067bdbf3eed4}">
		<relationship name="effects">
			<destination>{e063be8e-f7aa-4b3c-96e9-e5ad582a5fed}</destination>
		</relationship>
	</object>
	<object class="MixerBusPanner" id="{cf089c6f-8be4-4823-8867-e2bd8cdea7f4}" />
	<object class="MixerBusFader" id="{31060d8a-1324-4799-b267-ec77da589de4}" />
	<object class="AutomationPoint" id="{ce3ec540-afd4-4c99-9e8d-7c1b8370c305}">
		<property name="position">
			<value>0.22988926203778967</value>
		</property>
		<property name="value">
			<value>1</value>
		</property>
		<property name="curveShape">
			<value>0.25471893</value>
		</property>
	</object>
	<object class="AutomationPoint" id="{3de739a8-b647-4522-b0ee-d40b308595e6}">
		<property name="position">
			<value>0.24064960784277831</value>
		</property>
		<property name="value">
			<value>0</value>
		</property>
	</object>
	<object class="MixerBusFader" id="{e063be8e-f7aa-4b3c-96e9-e5ad582a5fed}" />
</objects>
