<?xml version="1.0" encoding="UTF-8"?>
<objects serializationModel="Studio.02.02.00">
	<object class="Event" id="{25c4989b-2332-4cf2-bb6d-cfcc8c1002d6}">
		<property name="name">
			<value>Boss</value>
		</property>
		<property name="outputFormat">
			<value>1</value>
		</property>
		<relationship name="folder">
			<destination>{dc12e656-7c4d-429a-9605-029f415c15a2}</destination>
		</relationship>
		<relationship name="mixer">
			<destination>{57301728-cee1-4bfc-b41f-09d5ff4ad446}</destination>
		</relationship>
		<relationship name="masterTrack">
			<destination>{2f371360-e3d1-4f21-ae09-5af8ad2b16cd}</destination>
		</relationship>
		<relationship name="mixerInput">
			<destination>{02c233ac-bc09-41a8-b3de-592ef4d0d26d}</destination>
		</relationship>
		<relationship name="automatableProperties">
			<destination>{3a7453ea-63d0-448d-9aa8-502ad446be8b}</destination>
		</relationship>
		<relationship name="markerTracks">
			<destination>{2c338996-8a94-4636-b636-c32d4462a06e}</destination>
			<destination>{91a03ab5-9fd6-412e-a931-1a67a4327a0f}</destination>
		</relationship>
		<relationship name="groupTracks">
			<destination>{18ec8e67-2b47-46b1-944b-608b813cc226}</destination>
			<destination>{2240661a-6c88-421d-99f4-0810fd5d01ea}</destination>
		</relationship>
		<relationship name="timeline">
			<destination>{804c28ac-87bb-4812-b63b-5ac23956f41e}</destination>
		</relationship>
		<relationship name="banks">
			<destination>{37296c74-ce35-47fd-877f-cf92d6f0598a}</destination>
		</relationship>
	</object>
	<object class="EventMixer" id="{57301728-cee1-4bfc-b41f-09d5ff4ad446}">
		<relationship name="masterBus">
			<destination>{3c0546c0-c044-4a9a-91fa-6c092fdb1af7}</destination>
		</relationship>
	</object>
	<object class="MasterTrack" id="{2f371360-e3d1-4f21-ae09-5af8ad2b16cd}">
		<relationship name="mixerGroup">
			<destination>{3c0546c0-c044-4a9a-91fa-6c092fdb1af7}</destination>
		</relationship>
	</object>
	<object class="MixerInput" id="{02c233ac-bc09-41a8-b3de-592ef4d0d26d}">
		<relationship name="effectChain">
			<destination>{d1e664cd-795d-4669-ae62-37e33cd8f8c4}</destination>
		</relationship>
		<relationship name="panner">
			<destination>{0f635cdd-b1b4-4fe8-a268-5104da383721}</destination>
		</relationship>
		<relationship name="output">
			<destination>{3be8f10f-12f8-43d4-b67b-cb9ee8d28f95}</destination>
		</relationship>
	</object>
	<object class="EventAutomatableProperties" id="{3a7453ea-63d0-448d-9aa8-502ad446be8b}" />
	<object class="MarkerTrack" id="{2c338996-8a94-4636-b636-c32d4462a06e}" />
	<object class="MarkerTrack" id="{91a03ab5-9fd6-412e-a931-1a67a4327a0f}" />
	<object class="GroupTrack" id="{18ec8e67-2b47-46b1-944b-608b813cc226}">
		<relationship name="modules">
			<destination>{7fd81d89-9520-439d-a0a8-438fea4142e3}</destination>
		</relationship>
		<relationship name="mixerGroup">
			<destination>{49fa7123-378a-4da3-a3d0-57c2140a929e}</destination>
		</relationship>
	</object>
	<object class="GroupTrack" id="{2240661a-6c88-421d-99f4-0810fd5d01ea}">
		<relationship name="modules">
			<destination>{1087b613-4b0f-4e32-a928-6f8eef23a862}</destination>
		</relationship>
		<relationship name="mixerGroup">
			<destination>{1cc1d3a4-9fe8-45ad-bd1d-2b2bfcba0505}</destination>
		</relationship>
	</object>
	<object class="Timeline" id="{804c28ac-87bb-4812-b63b-5ac23956f41e}">
		<relationship name="modules">
			<destination>{7fd81d89-9520-439d-a0a8-438fea4142e3}</destination>
			<destination>{1087b613-4b0f-4e32-a928-6f8eef23a862}</destination>
		</relationship>
		<relationship name="markers">
			<destination>{a7fe8df2-6555-42f9-8e48-8cc982fc8b9a}</destination>
			<destination>{c1344ed7-a795-4925-a46b-ffa680c39f17}</destination>
		</relationship>
	</object>
	<object class="EventMixerMaster" id="{3c0546c0-c044-4a9a-91fa-6c092fdb1af7}">
		<relationship name="modulators">
			<destination>{0ef8ebe4-1345-4e4d-b5cb-44f8bbfe2751}</destination>
		</relationship>
		<relationship name="effectChain">
			<destination>{379cbeee-91e5-4b1d-ac4c-3529f32023e6}</destination>
		</relationship>
		<relationship name="panner">
			<destination>{650d8e27-cec2-4601-9a4f-03eebe5b3bac}</destination>
		</relationship>
		<relationship name="mixer">
			<destination>{57301728-cee1-4bfc-b41f-09d5ff4ad446}</destination>
		</relationship>
	</object>
	<object class="MixerBusEffectChain" id="{d1e664cd-795d-4669-ae62-37e33cd8f8c4}">
		<relationship name="effects">
			<destination>{ef662f49-998d-4bc7-a914-648a11d128ac}</destination>
		</relationship>
	</object>
	<object class="MixerBusPanner" id="{0f635cdd-b1b4-4fe8-a268-5104da383721}" />
	<object class="SingleSound" id="{7fd81d89-9520-439d-a0a8-438fea4142e3}">
		<property name="length">
			<value>100.5194867037724</value>
		</property>
		<property name="timelockedOffset">
			<value>0.77922077922077926</value>
		</property>
		<relationship name="audioFile">
			<destination>{227255ca-c834-48ab-a799-72b29c3bfdbf}</destination>
		</relationship>
	</object>
	<object class="EventMixerGroup" id="{49fa7123-378a-4da3-a3d0-57c2140a929e}">
		<property name="name">
			<value>Audio 1</value>
		</property>
		<relationship name="effectChain">
			<destination>{d49db5d5-68c0-4d92-b05d-839e62bde741}</destination>
		</relationship>
		<relationship name="panner">
			<destination>{ca20e288-a7ac-4f28-9c59-8d3897f5ce61}</destination>
		</relationship>
		<relationship name="output">
			<destination>{3c0546c0-c044-4a9a-91fa-6c092fdb1af7}</destination>
		</relationship>
	</object>
	<object class="CommandSound" id="{1087b613-4b0f-4e32-a928-6f8eef23a862}">
		<property name="length">
			<value>6.2337662337662341</value>
		</property>
		<property name="commandType">
			<value>1</value>
		</property>
		<relationship name="commandTarget">
			<destination>{4bf830db-6516-4013-acd8-86c47901e721}</destination>
		</relationship>
	</object>
	<object class="EventMixerGroup" id="{1cc1d3a4-9fe8-45ad-bd1d-2b2bfcba0505}">
		<property name="name">
			<value>Audio 2</value>
		</property>
		<relationship name="effectChain">
			<destination>{a2f2cf3f-d98f-4279-89b9-cfe711c57b35}</destination>
		</relationship>
		<relationship name="panner">
			<destination>{9ff2578b-43ea-4919-9232-af36fcbe878b}</destination>
		</relationship>
		<relationship name="output">
			<destination>{3c0546c0-c044-4a9a-91fa-6c092fdb1af7}</destination>
		</relationship>
	</object>
	<object class="TempoMarker" id="{a7fe8df2-6555-42f9-8e48-8cc982fc8b9a}">
		<property name="position">
			<value>0</value>
		</property>
		<property name="tempo">
			<value>154</value>
		</property>
		<relationship name="timeline">
			<destination>{804c28ac-87bb-4812-b63b-5ac23956f41e}</destination>
		</relationship>
		<relationship name="markerTrack">
			<destination>{2c338996-8a94-4636-b636-c32d4462a06e}</destination>
		</relationship>
	</object>
	<object class="LoopRegion" id="{c1344ed7-a795-4925-a46b-ffa680c39f17}">
		<property name="position">
			<value>0.77141690797287021</value>
		</property>
		<property name="length">
			<value>99.748069795799552</value>
		</property>
		<relationship name="timeline">
			<destination>{804c28ac-87bb-4812-b63b-5ac23956f41e}</destination>
		</relationship>
		<relationship name="markerTrack">
			<destination>{91a03ab5-9fd6-412e-a931-1a67a4327a0f}</destination>
		</relationship>
	</object>
	<object class="ADSRModulator" id="{0ef8ebe4-1345-4e4d-b5cb-44f8bbfe2751}">
		<property name="nameOfPropertyBeingModulated">
			<value>volume</value>
		</property>
		<property name="initialValue">
			<value>-80</value>
		</property>
		<property name="attackTime">
			<value>20</value>
		</property>
		<property name="releaseTime">
			<value>2200</value>
		</property>
		<property name="finalValue">
			<value>-80</value>
		</property>
	</object>
	<object class="MixerBusEffectChain" id="{379cbeee-91e5-4b1d-ac4c-3529f32023e6}">
		<relationship name="effects">
			<destination>{856fc79e-d18e-4776-98bb-a5c4e65d7d0b}</destination>
		</relationship>
	</object>
	<object class="MixerBusPanner" id="{650d8e27-cec2-4601-9a4f-03eebe5b3bac}" />
	<object class="MixerBusFader" id="{ef662f49-998d-4bc7-a914-648a11d128ac}" />
	<object class="MixerBusEffectChain" id="{d49db5d5-68c0-4d92-b05d-839e62bde741}">
		<relationship name="effects">
			<destination>{bd40f8d6-5350-48f2-8962-cfdfeeaaf751}</destination>
		</relationship>
	</object>
	<object class="MixerBusPanner" id="{ca20e288-a7ac-4f28-9c59-8d3897f5ce61}" />
	<object class="MixerBusEffectChain" id="{a2f2cf3f-d98f-4279-89b9-cfe711c57b35}">
		<relationship name="effects">
			<destination>{2522b9a4-51c6-4941-b4a5-7307df8174d5}</destination>
		</relationship>
	</object>
	<object class="MixerBusPanner" id="{9ff2578b-43ea-4919-9232-af36fcbe878b}" />
	<object class="MixerBusFader" id="{856fc79e-d18e-4776-98bb-a5c4e65d7d0b}" />
	<object class="MixerBusFader" id="{bd40f8d6-5350-48f2-8962-cfdfeeaaf751}" />
	<object class="MixerBusFader" id="{2522b9a4-51c6-4941-b4a5-7307df8174d5}" />
</objects>
