<?xml version="1.0" encoding="UTF-8"?>
<objects serializationModel="Studio.02.02.00">
	<object class="Event" id="{89752c65-138b-4b82-aeb4-f7fbb5332537}">
		<property name="name">
			<value>Jump</value>
		</property>
		<property name="outputFormat">
			<value>1</value>
		</property>
		<relationship name="folder">
			<destination>{3ce83ae1-0cca-4223-ace6-117e03b82421}</destination>
		</relationship>
		<relationship name="mixer">
			<destination>{0ba69340-f32b-4f74-9687-eecc7c2fb7de}</destination>
		</relationship>
		<relationship name="masterTrack">
			<destination>{763fd543-2041-491e-925f-4332f0c83f2e}</destination>
		</relationship>
		<relationship name="mixerInput">
			<destination>{1e8c1b57-33c3-4762-a365-ad3bd09665df}</destination>
		</relationship>
		<relationship name="automatableProperties">
			<destination>{974db916-2eeb-4385-b52e-3cdfc4731bf7}</destination>
		</relationship>
		<relationship name="markerTracks">
			<destination>{70b4effa-9ac4-4211-854a-276ef658e334}</destination>
		</relationship>
		<relationship name="groupTracks">
			<destination>{8937378a-edbd-4b9e-b637-c77e87934021}</destination>
		</relationship>
		<relationship name="timeline">
			<destination>{a3183dd7-5ed3-4805-8c1c-e95eec25d533}</destination>
		</relationship>
		<relationship name="parameters">
			<destination>{8bbc99b3-e385-4087-92b1-dfd8bbf41dbc}</destination>
		</relationship>
		<relationship name="banks">
			<destination>{37296c74-ce35-47fd-877f-cf92d6f0598a}</destination>
		</relationship>
	</object>
	<object class="EventMixer" id="{0ba69340-f32b-4f74-9687-eecc7c2fb7de}">
		<relationship name="masterBus">
			<destination>{1cf9ad45-e2be-4834-adda-095e81b4f104}</destination>
		</relationship>
	</object>
	<object class="MasterTrack" id="{763fd543-2041-491e-925f-4332f0c83f2e}">
		<relationship name="modules">
			<destination>{8d71847c-904f-4170-883d-adb1cd8cc93d}</destination>
		</relationship>
		<relationship name="mixerGroup">
			<destination>{1cf9ad45-e2be-4834-adda-095e81b4f104}</destination>
		</relationship>
	</object>
	<object class="MixerInput" id="{1e8c1b57-33c3-4762-a365-ad3bd09665df}">
		<relationship name="effectChain">
			<destination>{48581c74-55fe-46e1-8e7a-93e6e5cb9056}</destination>
		</relationship>
		<relationship name="panner">
			<destination>{66ba3302-ff2b-42d2-883e-ace136363856}</destination>
		</relationship>
		<relationship name="output">
			<destination>{4b06b689-81fb-4ac8-88be-62c9996a9a9c}</destination>
		</relationship>
	</object>
	<object class="EventAutomatableProperties" id="{974db916-2eeb-4385-b52e-3cdfc4731bf7}" />
	<object class="MarkerTrack" id="{70b4effa-9ac4-4211-854a-276ef658e334}" />
	<object class="GroupTrack" id="{8937378a-edbd-4b9e-b637-c77e87934021}">
		<relationship name="modules">
			<destination>{782c36ae-c120-4a69-8574-ce1d92a29386}</destination>
		</relationship>
		<relationship name="mixerGroup">
			<destination>{23612775-5097-46f4-9a03-22bca585ee8e}</destination>
		</relationship>
	</object>
	<object class="Timeline" id="{a3183dd7-5ed3-4805-8c1c-e95eec25d533}">
		<relationship name="modules">
			<destination>{782c36ae-c120-4a69-8574-ce1d92a29386}</destination>
		</relationship>
	</object>
	<object class="ActionSheet" id="{8bbc99b3-e385-4087-92b1-dfd8bbf41dbc}">
		<relationship name="modules">
			<destination>{8d71847c-904f-4170-883d-adb1cd8cc93d}</destination>
		</relationship>
	</object>
	<object class="EventMixerMaster" id="{1cf9ad45-e2be-4834-adda-095e81b4f104}">
		<property name="volume">
			<value>-12.9000006</value>
		</property>
		<relationship name="effectChain">
			<destination>{76f1e023-d94c-4803-81b0-4010d293cf58}</destination>
		</relationship>
		<relationship name="panner">
			<destination>{6bc0ae17-7ae3-4429-aa6b-610ce4f012c8}</destination>
		</relationship>
		<relationship name="mixer">
			<destination>{0ba69340-f32b-4f74-9687-eecc7c2fb7de}</destination>
		</relationship>
	</object>
	<object class="MultiSound" id="{8d71847c-904f-4170-883d-adb1cd8cc93d}" />
	<object class="MixerBusEffectChain" id="{48581c74-55fe-46e1-8e7a-93e6e5cb9056}">
		<relationship name="effects">
			<destination>{9eacc44f-4dc8-4ca0-b09d-b921e79204a4}</destination>
		</relationship>
	</object>
	<object class="MixerBusPanner" id="{66ba3302-ff2b-42d2-883e-ace136363856}" />
	<object class="MultiSound" id="{782c36ae-c120-4a69-8574-ce1d92a29386}">
		<property name="length">
			<value>1.0600000000000001</value>
		</property>
		<relationship name="modulators">
			<destination>{b170f758-e255-4166-bf50-b60c405425e4}</destination>
		</relationship>
		<relationship name="fadeOutCurve">
			<destination>{5947803d-c307-43c7-b5c7-c2d41695caec}</destination>
		</relationship>
		<relationship name="sounds">
			<destination>{a6a7ffbe-4bad-4c83-b053-0294539e0bda}</destination>
			<destination>{a7bf0389-0036-4990-a8c0-5e033d0650f4}</destination>
			<destination>{84e521a6-6056-4714-ae6f-258f1d82e093}</destination>
			<destination>{62a207d2-956a-4b03-9246-708f6e3b2ade}</destination>
		</relationship>
	</object>
	<object class="EventMixerGroup" id="{23612775-5097-46f4-9a03-22bca585ee8e}">
		<property name="name">
			<value>Audio 1</value>
		</property>
		<relationship name="effectChain">
			<destination>{a00ba248-0963-4211-b005-9cbb2c8b87a4}</destination>
		</relationship>
		<relationship name="panner">
			<destination>{9dee10bf-6aeb-4528-a651-2d319f7f2818}</destination>
		</relationship>
		<relationship name="output">
			<destination>{1cf9ad45-e2be-4834-adda-095e81b4f104}</destination>
		</relationship>
	</object>
	<object class="MixerBusEffectChain" id="{76f1e023-d94c-4803-81b0-4010d293cf58}">
		<relationship name="effects">
			<destination>{366254ab-d0d6-4bad-be82-fbec2a497ec6}</destination>
		</relationship>
	</object>
	<object class="MixerBusPanner" id="{6bc0ae17-7ae3-4429-aa6b-610ce4f012c8}" />
	<object class="MixerBusFader" id="{9eacc44f-4dc8-4ca0-b09d-b921e79204a4}" />
	<object class="RandomizerModulator" id="{b170f758-e255-4166-bf50-b60c405425e4}">
		<property name="nameOfPropertyBeingModulated">
			<value>pitch</value>
		</property>
		<property name="amount">
			<value>5.5</value>
		</property>
	</object>
	<object class="FadeCurve" id="{5947803d-c307-43c7-b5c7-c2d41695caec}">
		<relationship name="startPoint">
			<destination>{2bdd2b5a-f7a0-439f-897b-c3352b595b36}</destination>
		</relationship>
		<relationship name="endPoint">
			<destination>{f8468937-17ac-4501-b1b9-88440f819153}</destination>
		</relationship>
	</object>
	<object class="SingleSound" id="{a6a7ffbe-4bad-4c83-b053-0294539e0bda}">
		<property name="startOffset">
			<value>2</value>
		</property>
		<relationship name="audioFile">
			<destination>{77884379-cfff-49d8-bb10-6a7cd4aeb3e5}</destination>
		</relationship>
	</object>
	<object class="SingleSound" id="{a7bf0389-0036-4990-a8c0-5e033d0650f4}">
		<property name="startOffset">
			<value>2</value>
		</property>
		<relationship name="audioFile">
			<destination>{b812da1e-cb86-4b87-bf11-a0014c2eee3b}</destination>
		</relationship>
	</object>
	<object class="SingleSound" id="{84e521a6-6056-4714-ae6f-258f1d82e093}">
		<property name="startOffset">
			<value>2</value>
		</property>
		<relationship name="audioFile">
			<destination>{e2e365d5-1be7-41f5-b6cf-0e937e1caa4d}</destination>
		</relationship>
	</object>
	<object class="SingleSound" id="{62a207d2-956a-4b03-9246-708f6e3b2ade}">
		<property name="startOffset">
			<value>2</value>
		</property>
		<relationship name="audioFile">
			<destination>{6056d028-5f9d-47e8-b09a-077900081062}</destination>
		</relationship>
	</object>
	<object class="MixerBusEffectChain" id="{a00ba248-0963-4211-b005-9cbb2c8b87a4}">
		<relationship name="effects">
			<destination>{4b2b5423-a977-4bc8-ade9-f4dd6c7a6a6a}</destination>
		</relationship>
	</object>
	<object class="MixerBusPanner" id="{9dee10bf-6aeb-4528-a651-2d319f7f2818}" />
	<object class="MixerBusFader" id="{366254ab-d0d6-4bad-be82-fbec2a497ec6}" />
	<object class="AutomationPoint" id="{2bdd2b5a-f7a0-439f-897b-c3352b595b36}">
		<property name="position">
			<value>0.70000000000000007</value>
		</property>
		<property name="value">
			<value>1</value>
		</property>
		<property name="curveShape">
			<value>0.25471893</value>
		</property>
	</object>
	<object class="AutomationPoint" id="{f8468937-17ac-4501-b1b9-88440f819153}">
		<property name="position">
			<value>1.0600000000000001</value>
		</property>
		<property name="value">
			<value>0</value>
		</property>
	</object>
	<object class="MixerBusFader" id="{4b2b5423-a977-4bc8-ade9-f4dd6c7a6a6a}" />
</objects>
