<?xml version="1.0" encoding="UTF-8"?>
<objects serializationModel="Studio.02.02.00">
	<object class="Event" id="{a6253146-8cfa-415e-b1d2-e7d838b02705}">
		<property name="name">
			<value>Air Spark</value>
		</property>
		<property name="outputFormat">
			<value>1</value>
		</property>
		<relationship name="folder">
			<destination>{835f2c89-9c97-496d-a540-369848e10c7a}</destination>
		</relationship>
		<relationship name="mixer">
			<destination>{4bfb51f3-ce9d-4cb8-b505-70471184287a}</destination>
		</relationship>
		<relationship name="masterTrack">
			<destination>{56eedad9-f56c-4e05-aa2e-886fc9589452}</destination>
		</relationship>
		<relationship name="mixerInput">
			<destination>{ee9870de-6321-4058-bbb2-a742955e5bae}</destination>
		</relationship>
		<relationship name="automatableProperties">
			<destination>{e741864a-8019-4098-b524-e8c582cab0b2}</destination>
		</relationship>
		<relationship name="markerTracks">
			<destination>{b8a3d07a-cc12-4e7e-a643-de1f21a3a868}</destination>
		</relationship>
		<relationship name="groupTracks">
			<destination>{0d75532a-da4d-4138-86b5-58b13b56973d}</destination>
		</relationship>
		<relationship name="timeline">
			<destination>{4c911f75-7f0a-4673-8ef4-d11a430f6c36}</destination>
		</relationship>
		<relationship name="parameters">
			<destination>{54e49f7d-ac44-4df5-8970-d16e7c4741b9}</destination>
		</relationship>
		<relationship name="banks">
			<destination>{37296c74-ce35-47fd-877f-cf92d6f0598a}</destination>
		</relationship>
	</object>
	<object class="EventMixer" id="{4bfb51f3-ce9d-4cb8-b505-70471184287a}">
		<relationship name="masterBus">
			<destination>{49e34f16-127d-47e1-b6c4-c8383fb5ccc1}</destination>
		</relationship>
	</object>
	<object class="MasterTrack" id="{56eedad9-f56c-4e05-aa2e-886fc9589452}">
		<relationship name="modules">
			<destination>{5edefbbc-c646-4c01-9dac-c3f12f27754c}</destination>
		</relationship>
		<relationship name="mixerGroup">
			<destination>{49e34f16-127d-47e1-b6c4-c8383fb5ccc1}</destination>
		</relationship>
	</object>
	<object class="MixerInput" id="{ee9870de-6321-4058-bbb2-a742955e5bae}">
		<relationship name="effectChain">
			<destination>{3c698aa9-13fb-4f8f-b3dd-1ac92fadd259}</destination>
		</relationship>
		<relationship name="panner">
			<destination>{31d06215-59de-442d-83dd-1ec669188fde}</destination>
		</relationship>
		<relationship name="output">
			<destination>{40c66c3c-665f-4a44-aca6-ee8ccb5702f3}</destination>
		</relationship>
	</object>
	<object class="EventAutomatableProperties" id="{e741864a-8019-4098-b524-e8c582cab0b2}" />
	<object class="MarkerTrack" id="{b8a3d07a-cc12-4e7e-a643-de1f21a3a868}" />
	<object class="GroupTrack" id="{0d75532a-da4d-4138-86b5-58b13b56973d}">
		<relationship name="modules">
			<destination>{62a21e36-666a-4a09-b372-0f5b6f292ea8}</destination>
		</relationship>
		<relationship name="mixerGroup">
			<destination>{9071bb95-c464-479b-8023-c94367230c50}</destination>
		</relationship>
	</object>
	<object class="Timeline" id="{4c911f75-7f0a-4673-8ef4-d11a430f6c36}">
		<relationship name="modules">
			<destination>{62a21e36-666a-4a09-b372-0f5b6f292ea8}</destination>
		</relationship>
	</object>
	<object class="ActionSheet" id="{54e49f7d-ac44-4df5-8970-d16e7c4741b9}">
		<relationship name="modules">
			<destination>{5edefbbc-c646-4c01-9dac-c3f12f27754c}</destination>
		</relationship>
	</object>
	<object class="EventMixerMaster" id="{49e34f16-127d-47e1-b6c4-c8383fb5ccc1}">
		<property name="volume">
			<value>-2</value>
		</property>
		<relationship name="effectChain">
			<destination>{3a596e09-f2c6-46ab-b299-5ac0866aa63d}</destination>
		</relationship>
		<relationship name="panner">
			<destination>{8a2f248d-b1db-4c42-9b03-5060cb19cd69}</destination>
		</relationship>
		<relationship name="mixer">
			<destination>{4bfb51f3-ce9d-4cb8-b505-70471184287a}</destination>
		</relationship>
	</object>
	<object class="MultiSound" id="{5edefbbc-c646-4c01-9dac-c3f12f27754c}" />
	<object class="MixerBusEffectChain" id="{3c698aa9-13fb-4f8f-b3dd-1ac92fadd259}">
		<relationship name="effects">
			<destination>{ddc8d2e0-3f61-434e-bf2e-0dc18635d929}</destination>
		</relationship>
	</object>
	<object class="MixerBusPanner" id="{31d06215-59de-442d-83dd-1ec669188fde}" />
	<object class="SingleSound" id="{62a21e36-666a-4a09-b372-0f5b6f292ea8}">
		<property name="length">
			<value>0.14278911564625851</value>
		</property>
		<relationship name="audioFile">
			<destination>{4cfdbc9d-68de-4a49-944b-f3d3407cf79e}</destination>
		</relationship>
	</object>
	<object class="EventMixerGroup" id="{9071bb95-c464-479b-8023-c94367230c50}">
		<property name="name">
			<value>Audio 2</value>
		</property>
		<relationship name="effectChain">
			<destination>{44108e89-69c9-47ae-a9b2-320c9b32b296}</destination>
		</relationship>
		<relationship name="panner">
			<destination>{ef324aff-765b-44dc-9d43-4ae5b91974d9}</destination>
		</relationship>
		<relationship name="output">
			<destination>{49e34f16-127d-47e1-b6c4-c8383fb5ccc1}</destination>
		</relationship>
	</object>
	<object class="MixerBusEffectChain" id="{3a596e09-f2c6-46ab-b299-5ac0866aa63d}">
		<relationship name="effects">
			<destination>{1b6dacd9-6dcf-443b-8b37-404ccf1ce445}</destination>
		</relationship>
	</object>
	<object class="MixerBusPanner" id="{8a2f248d-b1db-4c42-9b03-5060cb19cd69}" />
	<object class="MixerBusFader" id="{ddc8d2e0-3f61-434e-bf2e-0dc18635d929}" />
	<object class="MixerBusEffectChain" id="{44108e89-69c9-47ae-a9b2-320c9b32b296}">
		<relationship name="effects">
			<destination>{edf8635a-f83c-4e3d-bf5d-dfe59ac0444c}</destination>
		</relationship>
	</object>
	<object class="MixerBusPanner" id="{ef324aff-765b-44dc-9d43-4ae5b91974d9}" />
	<object class="MixerBusFader" id="{1b6dacd9-6dcf-443b-8b37-404ccf1ce445}" />
	<object class="MixerBusFader" id="{edf8635a-f83c-4e3d-bf5d-dfe59ac0444c}" />
</objects>
