<?xml version="1.0" encoding="UTF-8"?>
<objects serializationModel="Studio.02.02.00">
	<object class="Event" id="{d79d6d2e-625c-4d8c-a660-47f202ec71e4}">
		<property name="name">
			<value>Big Air Spark</value>
		</property>
		<property name="outputFormat">
			<value>1</value>
		</property>
		<relationship name="folder">
			<destination>{835f2c89-9c97-496d-a540-369848e10c7a}</destination>
		</relationship>
		<relationship name="mixer">
			<destination>{91cc2502-81f7-44a7-8e07-bd0de039595e}</destination>
		</relationship>
		<relationship name="masterTrack">
			<destination>{27b77871-06c2-42b8-9a5f-bb80a0b450a1}</destination>
		</relationship>
		<relationship name="mixerInput">
			<destination>{9d1b5a04-7d94-4f97-b08b-b219ff39584d}</destination>
		</relationship>
		<relationship name="automatableProperties">
			<destination>{5eeb8ba4-bd53-4326-9b23-a613b8e920c9}</destination>
		</relationship>
		<relationship name="markerTracks">
			<destination>{05793038-3be3-4e2c-8b35-900814e01480}</destination>
		</relationship>
		<relationship name="groupTracks">
			<destination>{0c34d02c-55a8-4166-bcd7-acbdf3367966}</destination>
		</relationship>
		<relationship name="timeline">
			<destination>{51322d2f-0284-484c-a995-327eca2b7d07}</destination>
		</relationship>
		<relationship name="parameters">
			<destination>{0c2286a6-ba29-4163-9774-3300309a9da1}</destination>
		</relationship>
		<relationship name="banks">
			<destination>{37296c74-ce35-47fd-877f-cf92d6f0598a}</destination>
		</relationship>
	</object>
	<object class="EventMixer" id="{91cc2502-81f7-44a7-8e07-bd0de039595e}">
		<relationship name="masterBus">
			<destination>{dd52b2f7-4a72-4a07-91a7-ddf5e3e09377}</destination>
		</relationship>
	</object>
	<object class="MasterTrack" id="{27b77871-06c2-42b8-9a5f-bb80a0b450a1}">
		<relationship name="modules">
			<destination>{431ec290-d689-4793-b6a3-5b9fead8f4de}</destination>
		</relationship>
		<relationship name="mixerGroup">
			<destination>{dd52b2f7-4a72-4a07-91a7-ddf5e3e09377}</destination>
		</relationship>
	</object>
	<object class="MixerInput" id="{9d1b5a04-7d94-4f97-b08b-b219ff39584d}">
		<relationship name="effectChain">
			<destination>{4695063d-3db1-4531-8534-25775b8c5ada}</destination>
		</relationship>
		<relationship name="panner">
			<destination>{d17d63ce-e442-46a7-bf31-d889177ce1be}</destination>
		</relationship>
		<relationship name="output">
			<destination>{40c66c3c-665f-4a44-aca6-ee8ccb5702f3}</destination>
		</relationship>
	</object>
	<object class="EventAutomatableProperties" id="{5eeb8ba4-bd53-4326-9b23-a613b8e920c9}" />
	<object class="MarkerTrack" id="{05793038-3be3-4e2c-8b35-900814e01480}" />
	<object class="GroupTrack" id="{0c34d02c-55a8-4166-bcd7-acbdf3367966}">
		<relationship name="modules">
			<destination>{c085f87d-d949-498a-8008-51cb7e2902e3}</destination>
		</relationship>
		<relationship name="mixerGroup">
			<destination>{2ae430c5-2305-4cc5-bcc6-d628640b01f7}</destination>
		</relationship>
	</object>
	<object class="Timeline" id="{51322d2f-0284-484c-a995-327eca2b7d07}">
		<relationship name="modules">
			<destination>{c085f87d-d949-498a-8008-51cb7e2902e3}</destination>
		</relationship>
	</object>
	<object class="ActionSheet" id="{0c2286a6-ba29-4163-9774-3300309a9da1}">
		<relationship name="modules">
			<destination>{431ec290-d689-4793-b6a3-5b9fead8f4de}</destination>
		</relationship>
	</object>
	<object class="EventMixerMaster" id="{dd52b2f7-4a72-4a07-91a7-ddf5e3e09377}">
		<relationship name="effectChain">
			<destination>{54ad7a64-9106-4c4a-9508-b9af4d8e732d}</destination>
		</relationship>
		<relationship name="panner">
			<destination>{abe0a110-4838-4d96-aed5-3e082df59d54}</destination>
		</relationship>
		<relationship name="mixer">
			<destination>{91cc2502-81f7-44a7-8e07-bd0de039595e}</destination>
		</relationship>
	</object>
	<object class="MultiSound" id="{431ec290-d689-4793-b6a3-5b9fead8f4de}" />
	<object class="MixerBusEffectChain" id="{4695063d-3db1-4531-8534-25775b8c5ada}">
		<relationship name="effects">
			<destination>{2b7f45c1-a834-4ade-ae72-bde097a48fba}</destination>
		</relationship>
	</object>
	<object class="MixerBusPanner" id="{d17d63ce-e442-46a7-bf31-d889177ce1be}" />
	<object class="SingleSound" id="{c085f87d-d949-498a-8008-51cb7e2902e3}">
		<property name="length">
			<value>2.8437641723356011</value>
		</property>
		<relationship name="audioFile">
			<destination>{32af4f79-f78f-47cf-91b0-afe55a1889dd}</destination>
		</relationship>
	</object>
	<object class="EventMixerGroup" id="{2ae430c5-2305-4cc5-bcc6-d628640b01f7}">
		<property name="name">
			<value>Audio 2</value>
		</property>
		<relationship name="effectChain">
			<destination>{48821194-882f-4127-8c80-37b362e31f42}</destination>
		</relationship>
		<relationship name="panner">
			<destination>{ab82d254-d8cd-4104-866b-16d87fcd8a59}</destination>
		</relationship>
		<relationship name="output">
			<destination>{dd52b2f7-4a72-4a07-91a7-ddf5e3e09377}</destination>
		</relationship>
	</object>
	<object class="MixerBusEffectChain" id="{54ad7a64-9106-4c4a-9508-b9af4d8e732d}">
		<relationship name="effects">
			<destination>{bba01259-0e9a-44d9-96b3-2eb2cf9d12d0}</destination>
		</relationship>
	</object>
	<object class="MixerBusPanner" id="{abe0a110-4838-4d96-aed5-3e082df59d54}" />
	<object class="MixerBusFader" id="{2b7f45c1-a834-4ade-ae72-bde097a48fba}" />
	<object class="MixerBusEffectChain" id="{48821194-882f-4127-8c80-37b362e31f42}">
		<relationship name="effects">
			<destination>{d10d9d4e-6426-4f91-a6ac-86d13a49fcbd}</destination>
		</relationship>
	</object>
	<object class="MixerBusPanner" id="{ab82d254-d8cd-4104-866b-16d87fcd8a59}" />
	<object class="MixerBusFader" id="{bba01259-0e9a-44d9-96b3-2eb2cf9d12d0}" />
	<object class="MixerBusFader" id="{d10d9d4e-6426-4f91-a6ac-86d13a49fcbd}" />
</objects>
