<?xml version="1.0" encoding="UTF-8"?>
<objects serializationModel="Studio.02.02.00">
	<object class="Event" id="{dc608337-cbc2-4a5d-88ae-c105e8059fa9}">
		<property name="name">
			<value>Sword Swing</value>
		</property>
		<property name="outputFormat">
			<value>1</value>
		</property>
		<relationship name="folder">
			<destination>{3ce83ae1-0cca-4223-ace6-117e03b82421}</destination>
		</relationship>
		<relationship name="mixer">
			<destination>{3ed97bf9-fbe5-42f5-88a8-30ae6367c3a6}</destination>
		</relationship>
		<relationship name="masterTrack">
			<destination>{81a8a3a4-0830-4ab2-bb88-c246cc5405b6}</destination>
		</relationship>
		<relationship name="mixerInput">
			<destination>{b04c11a8-c840-4502-a427-b3659898f911}</destination>
		</relationship>
		<relationship name="automatableProperties">
			<destination>{c1157f26-724a-42f5-9d86-098661be1b7c}</destination>
		</relationship>
		<relationship name="markerTracks">
			<destination>{b5b7e8d6-f73d-4f25-b6ef-9d6c85af5014}</destination>
		</relationship>
		<relationship name="groupTracks">
			<destination>{8b72a567-5173-442a-b776-c77d1fd9479a}</destination>
		</relationship>
		<relationship name="timeline">
			<destination>{3aab9df1-bf10-4bbc-ac8e-fcd8c5e5ea82}</destination>
		</relationship>
		<relationship name="parameters">
			<destination>{1ea5bcfc-a69e-4110-830b-20dcced82da7}</destination>
		</relationship>
		<relationship name="banks">
			<destination>{37296c74-ce35-47fd-877f-cf92d6f0598a}</destination>
		</relationship>
	</object>
	<object class="EventMixer" id="{3ed97bf9-fbe5-42f5-88a8-30ae6367c3a6}">
		<relationship name="masterBus">
			<destination>{247f2fab-9492-4b38-ac90-cda74d4dd152}</destination>
		</relationship>
	</object>
	<object class="MasterTrack" id="{81a8a3a4-0830-4ab2-bb88-c246cc5405b6}">
		<relationship name="modules">
			<destination>{fbe948cb-86b0-47ba-b9a4-8f37ae6d7ee9}</destination>
		</relationship>
		<relationship name="mixerGroup">
			<destination>{247f2fab-9492-4b38-ac90-cda74d4dd152}</destination>
		</relationship>
	</object>
	<object class="MixerInput" id="{b04c11a8-c840-4502-a427-b3659898f911}">
		<relationship name="effectChain">
			<destination>{d853bd3d-6866-4d0f-ad02-dc3b259bdc1d}</destination>
		</relationship>
		<relationship name="panner">
			<destination>{50c934a2-6d89-49cb-9625-1dfaaed58a3c}</destination>
		</relationship>
		<relationship name="output">
			<destination>{4b06b689-81fb-4ac8-88be-62c9996a9a9c}</destination>
		</relationship>
	</object>
	<object class="EventAutomatableProperties" id="{c1157f26-724a-42f5-9d86-098661be1b7c}" />
	<object class="MarkerTrack" id="{b5b7e8d6-f73d-4f25-b6ef-9d6c85af5014}" />
	<object class="GroupTrack" id="{8b72a567-5173-442a-b776-c77d1fd9479a}">
		<relationship name="mixerGroup">
			<destination>{c0101a9d-a46c-4fb2-8f31-3a67b8ef674b}</destination>
		</relationship>
	</object>
	<object class="Timeline" id="{3aab9df1-bf10-4bbc-ac8e-fcd8c5e5ea82}">
		<property name="isProxyEnabled">
			<value>false</value>
		</property>
	</object>
	<object class="ActionSheet" id="{1ea5bcfc-a69e-4110-830b-20dcced82da7}">
		<relationship name="modules">
			<destination>{fbe948cb-86b0-47ba-b9a4-8f37ae6d7ee9}</destination>
		</relationship>
	</object>
	<object class="EventMixerMaster" id="{247f2fab-9492-4b38-ac90-cda74d4dd152}">
		<relationship name="effectChain">
			<destination>{8c035d84-495f-4f5b-8253-010f8d43780e}</destination>
		</relationship>
		<relationship name="panner">
			<destination>{3301cd4f-7a6c-450a-8593-a2e75a822675}</destination>
		</relationship>
		<relationship name="mixer">
			<destination>{3ed97bf9-fbe5-42f5-88a8-30ae6367c3a6}</destination>
		</relationship>
	</object>
	<object class="MultiSound" id="{fbe948cb-86b0-47ba-b9a4-8f37ae6d7ee9}">
		<relationship name="sounds">
			<destination>{a3a3e0bf-8f11-42ed-9a3e-e8eac77b4b28}</destination>
		</relationship>
	</object>
	<object class="MixerBusEffectChain" id="{d853bd3d-6866-4d0f-ad02-dc3b259bdc1d}">
		<relationship name="effects">
			<destination>{a7d168b0-0e67-4029-80d1-d07cee0b0200}</destination>
		</relationship>
	</object>
	<object class="MixerBusPanner" id="{50c934a2-6d89-49cb-9625-1dfaaed58a3c}" />
	<object class="EventMixerGroup" id="{c0101a9d-a46c-4fb2-8f31-3a67b8ef674b}">
		<property name="name">
			<value>Audio 1</value>
		</property>
		<relationship name="effectChain">
			<destination>{157ed818-6e55-4d7c-b7b8-95ee703c2704}</destination>
		</relationship>
		<relationship name="panner">
			<destination>{6cb7d23a-bbaa-4f08-bfc7-b0344341c894}</destination>
		</relationship>
		<relationship name="output">
			<destination>{247f2fab-9492-4b38-ac90-cda74d4dd152}</destination>
		</relationship>
	</object>
	<object class="MixerBusEffectChain" id="{8c035d84-495f-4f5b-8253-010f8d43780e}">
		<relationship name="effects">
			<destination>{742bc175-2ab1-49cf-97c4-2879f0e810c7}</destination>
		</relationship>
	</object>
	<object class="MixerBusPanner" id="{3301cd4f-7a6c-450a-8593-a2e75a822675}" />
	<object class="MultiSound" id="{a3a3e0bf-8f11-42ed-9a3e-e8eac77b4b28}">
		<property name="volume">
			<value>-1</value>
		</property>
		<property name="pitch">
			<value>0.5</value>
		</property>
		<relationship name="modulators">
			<destination>{a67c5b9d-9c62-49c7-88a8-67be852bffa9}</destination>
		</relationship>
		<relationship name="sounds">
			<destination>{ada9d90c-c58b-4cdb-b838-e22bc2ed7860}</destination>
			<destination>{db196f8f-0fb4-4e79-87b9-a6159471034d}</destination>
			<destination>{3ab5c166-c95f-4005-a78f-ea2253fbc407}</destination>
			<destination>{86c4752c-d50b-4476-8fba-810812963f87}</destination>
			<destination>{e126a274-15a1-4a41-8f0f-8e3165cae0a1}</destination>
		</relationship>
	</object>
	<object class="MixerBusFader" id="{a7d168b0-0e67-4029-80d1-d07cee0b0200}" />
	<object class="MixerBusEffectChain" id="{157ed818-6e55-4d7c-b7b8-95ee703c2704}">
		<relationship name="effects">
			<destination>{cc9b0765-ef01-43f4-98c3-700d231b67dd}</destination>
		</relationship>
	</object>
	<object class="MixerBusPanner" id="{6cb7d23a-bbaa-4f08-bfc7-b0344341c894}" />
	<object class="MixerBusFader" id="{742bc175-2ab1-49cf-97c4-2879f0e810c7}" />
	<object class="RandomizerModulator" id="{a67c5b9d-9c62-49c7-88a8-67be852bffa9}">
		<property name="nameOfPropertyBeingModulated">
			<value>pitch</value>
		</property>
		<property name="amount">
			<value>8</value>
		</property>
	</object>
	<object class="SingleSound" id="{ada9d90c-c58b-4cdb-b838-e22bc2ed7860}">
		<property name="startOffset">
			<value>7</value>
		</property>
		<relationship name="audioFile">
			<destination>{63c84dae-5aa9-4213-a11c-b6082ed0ce55}</destination>
		</relationship>
	</object>
	<object class="SingleSound" id="{db196f8f-0fb4-4e79-87b9-a6159471034d}">
		<property name="startOffset">
			<value>5</value>
		</property>
		<relationship name="audioFile">
			<destination>{7fb09ffe-f663-4419-a489-bd4bfece12c5}</destination>
		</relationship>
	</object>
	<object class="SingleSound" id="{3ab5c166-c95f-4005-a78f-ea2253fbc407}">
		<property name="startOffset">
			<value>5</value>
		</property>
		<relationship name="audioFile">
			<destination>{3506d7db-6c94-413d-afe0-778cb62da909}</destination>
		</relationship>
	</object>
	<object class="SingleSound" id="{86c4752c-d50b-4476-8fba-810812963f87}">
		<property name="startOffset">
			<value>4.5</value>
		</property>
		<relationship name="audioFile">
			<destination>{471eb050-8840-4ccc-a067-5b8b4960b35b}</destination>
		</relationship>
	</object>
	<object class="SingleSound" id="{e126a274-15a1-4a41-8f0f-8e3165cae0a1}">
		<property name="startOffset">
			<value>3</value>
		</property>
		<relationship name="audioFile">
			<destination>{d2a2a82d-935f-4a3a-9194-aea52d1d2787}</destination>
		</relationship>
	</object>
	<object class="MixerBusFader" id="{cc9b0765-ef01-43f4-98c3-700d231b67dd}" />
</objects>
