<?xml version="1.0" encoding="UTF-8"?>
<objects serializationModel="Studio.02.02.00">
	<object class="Event" id="{ed6057fb-fc90-4011-b039-4403259450fd}">
		<property name="name">
			<value>Block</value>
		</property>
		<property name="outputFormat">
			<value>1</value>
		</property>
		<relationship name="folder">
			<destination>{ccf63643-cd32-47d7-b269-fbc89c67b112}</destination>
		</relationship>
		<relationship name="mixer">
			<destination>{cd8f29a0-fbf6-404c-84a0-db6b13d3afc3}</destination>
		</relationship>
		<relationship name="masterTrack">
			<destination>{12620eb1-ffcc-4384-a72f-d3fc5393cfb1}</destination>
		</relationship>
		<relationship name="mixerInput">
			<destination>{e98cf3e3-0742-4777-8a87-a4921d202078}</destination>
		</relationship>
		<relationship name="automatableProperties">
			<destination>{7f3479c0-2e83-47ad-8d42-dce04cc041be}</destination>
		</relationship>
		<relationship name="markerTracks">
			<destination>{fe5c414a-77d7-4b54-b076-13e4b15ccfaa}</destination>
		</relationship>
		<relationship name="groupTracks">
			<destination>{f896645c-fdb7-4377-8310-ad975a132eb9}</destination>
		</relationship>
		<relationship name="timeline">
			<destination>{67dc7618-7090-4c03-9322-898a5b690544}</destination>
		</relationship>
		<relationship name="parameters">
			<destination>{97e7f706-a852-44f4-83d1-eb6457570143}</destination>
		</relationship>
		<relationship name="banks">
			<destination>{37296c74-ce35-47fd-877f-cf92d6f0598a}</destination>
		</relationship>
	</object>
	<object class="EventMixer" id="{cd8f29a0-fbf6-404c-84a0-db6b13d3afc3}">
		<relationship name="masterBus">
			<destination>{a6f212ff-9d44-421a-913d-3a47dffedfc8}</destination>
		</relationship>
	</object>
	<object class="MasterTrack" id="{12620eb1-ffcc-4384-a72f-d3fc5393cfb1}">
		<relationship name="modules">
			<destination>{d935cf3e-5995-43a2-81f6-1375f1665922}</destination>
		</relationship>
		<relationship name="mixerGroup">
			<destination>{a6f212ff-9d44-421a-913d-3a47dffedfc8}</destination>
		</relationship>
	</object>
	<object class="MixerInput" id="{e98cf3e3-0742-4777-8a87-a4921d202078}">
		<relationship name="effectChain">
			<destination>{3402330f-ac1d-4ed0-b86c-f90b2f814770}</destination>
		</relationship>
		<relationship name="panner">
			<destination>{15f89f25-0457-45ba-a2ae-41c6843120d8}</destination>
		</relationship>
		<relationship name="output">
			<destination>{40c66c3c-665f-4a44-aca6-ee8ccb5702f3}</destination>
		</relationship>
	</object>
	<object class="EventAutomatableProperties" id="{7f3479c0-2e83-47ad-8d42-dce04cc041be}" />
	<object class="MarkerTrack" id="{fe5c414a-77d7-4b54-b076-13e4b15ccfaa}" />
	<object class="GroupTrack" id="{f896645c-fdb7-4377-8310-ad975a132eb9}">
		<relationship name="modules">
			<destination>{65e4dd45-d47e-4d2d-ba95-662bf5189bb0}</destination>
		</relationship>
		<relationship name="mixerGroup">
			<destination>{6aeaf3d9-122e-4ea8-8992-eaedf75ba769}</destination>
		</relationship>
	</object>
	<object class="Timeline" id="{67dc7618-7090-4c03-9322-898a5b690544}">
		<relationship name="modules">
			<destination>{65e4dd45-d47e-4d2d-ba95-662bf5189bb0}</destination>
		</relationship>
	</object>
	<object class="ActionSheet" id="{97e7f706-a852-44f4-83d1-eb6457570143}">
		<relationship name="modules">
			<destination>{d935cf3e-5995-43a2-81f6-1375f1665922}</destination>
		</relationship>
	</object>
	<object class="EventMixerMaster" id="{a6f212ff-9d44-421a-913d-3a47dffedfc8}">
		<relationship name="effectChain">
			<destination>{ddd093af-331f-4cec-a4cd-4ee010f15c52}</destination>
		</relationship>
		<relationship name="panner">
			<destination>{02ef0d93-1753-4bfb-9827-6a7692b9d662}</destination>
		</relationship>
		<relationship name="mixer">
			<destination>{cd8f29a0-fbf6-404c-84a0-db6b13d3afc3}</destination>
		</relationship>
	</object>
	<object class="MultiSound" id="{d935cf3e-5995-43a2-81f6-1375f1665922}" />
	<object class="MixerBusEffectChain" id="{3402330f-ac1d-4ed0-b86c-f90b2f814770}">
		<relationship name="effects">
			<destination>{dec8d075-0d51-4113-b5d1-1db0a3a98a68}</destination>
		</relationship>
	</object>
	<object class="MixerBusPanner" id="{15f89f25-0457-45ba-a2ae-41c6843120d8}" />
	<object class="SingleSound" id="{65e4dd45-d47e-4d2d-ba95-662bf5189bb0}">
		<property name="length">
			<value>0.14278911564625851</value>
		</property>
		<property name="pitch">
			<value>-5</value>
		</property>
		<relationship name="audioFile">
			<destination>{4cfdbc9d-68de-4a49-944b-f3d3407cf79e}</destination>
		</relationship>
	</object>
	<object class="EventMixerGroup" id="{6aeaf3d9-122e-4ea8-8992-eaedf75ba769}">
		<property name="volume">
			<value>-1</value>
		</property>
		<property name="name">
			<value>Audio 2</value>
		</property>
		<relationship name="effectChain">
			<destination>{f385032d-4d11-42b9-af03-c3ce3559b1ca}</destination>
		</relationship>
		<relationship name="panner">
			<destination>{9323e2b8-154d-47b1-bbd5-592229a92d35}</destination>
		</relationship>
		<relationship name="output">
			<destination>{a6f212ff-9d44-421a-913d-3a47dffedfc8}</destination>
		</relationship>
	</object>
	<object class="MixerBusEffectChain" id="{ddd093af-331f-4cec-a4cd-4ee010f15c52}">
		<relationship name="effects">
			<destination>{489e452d-8a62-49cc-a0b8-593a617c84ae}</destination>
		</relationship>
	</object>
	<object class="MixerBusPanner" id="{02ef0d93-1753-4bfb-9827-6a7692b9d662}" />
	<object class="MixerBusFader" id="{dec8d075-0d51-4113-b5d1-1db0a3a98a68}" />
	<object class="MixerBusEffectChain" id="{f385032d-4d11-42b9-af03-c3ce3559b1ca}">
		<relationship name="effects">
			<destination>{80e332bc-433e-4621-801a-896cacedcaba}</destination>
		</relationship>
	</object>
	<object class="MixerBusPanner" id="{9323e2b8-154d-47b1-bbd5-592229a92d35}" />
	<object class="MixerBusFader" id="{489e452d-8a62-49cc-a0b8-593a617c84ae}" />
	<object class="MixerBusFader" id="{80e332bc-433e-4621-801a-896cacedcaba}" />
</objects>
