<?xml version="1.0" encoding="UTF-8"?>
<objects serializationModel="Studio.02.02.00">
	<object class="Workspace" id="{8ccd048f-9306-4ebb-b388-4d725410a87d}">
		<relationship name="projectSettings">
			<destination>{4a01594b-4154-4252-8a48-a2a728da9613}</destination>
		</relationship>
		<relationship name="changelist">
			<destination>{cd9e3e25-e494-4800-8753-1929fcacd5dc}</destination>
		</relationship>
	</object>
	<object class="ProjectSettings" id="{4a01594b-4154-4252-8a48-a2a728da9613}">
		<relationship name="activePlatform">
			<destination>{52da9e5c-bca8-425e-adcb-548d6998da5e}</destination>
		</relationship>
	</object>
	<object class="WorkspaceChangelist" id="{cd9e3e25-e494-4800-8753-1929fcacd5dc}" />
</objects>
